"$__","$isNew","_doc"
"{""activePaths"":{""paths"":{""bdmEmail"":""init"",""bdmName"":""init"",""bdeEmail"":""init"",""bdeName"":""init"",""services"":""init"",""otherDocs"":""init"",""read"":""init"",""_id"":""init"",""bdmType"":""init"",""supportedBy"":""init"",""bookingDate"":""init"",""caCase"":""init"",""caNumber"":""init"",""caEmail"":""init"",""caCommission"":""init"",""companyName"":""init"",""contactNumber"":""init"",""companyEmail"":""init"",""originalTotalPayment"":""init"",""totalPayment"":""init"",""paymentTerms"":""init"",""paymentMethod"":""init"",""firstPayment"":""init"",""secondPayment"":""init"",""thirdPayment"":""init"",""fourthPayment"":""init"",""paymentRemarks"":""init"",""paymentReceipt"":""init"",""bookingSource"":""init"",""cPANorGSTnum"":""init"",""incoDate"":""init"",""extraNotes"":""init"",""bookingTime"":""init"",""__v"":""init""},""states"":{""require"":{},""default"":{},""init"":{""_id"":true,""bdeName"":true,""bdeEmail"":true,""bdmName"":true,""bdmEmail"":true,""bdmType"":true,""supportedBy"":true,""bookingDate"":true,""caCase"":true,""caNumber"":true,""caEmail"":true,""caCommission"":true,""companyName"":true,""contactNumber"":true,""companyEmail"":true,""services"":true,""originalTotalPayment"":true,""totalPayment"":true,""paymentTerms"":true,""paymentMethod"":true,""firstPayment"":true,""secondPayment"":true,""thirdPayment"":true,""fourthPayment"":true,""paymentRemarks"":true,""paymentReceipt"":true,""bookingSource"":true,""cPANorGSTnum"":true,""incoDate"":true,""extraNotes"":true,""otherDocs"":true,""bookingTime"":true,""__v"":true,""read"":true}}},""skipId"":true}",false,"{""_id"":""65cb1c46d6aa4894d8737756"",""bdeName"":""Nayan"",""bdeEmail"":""nayan@gmail.com"",""bdmName"":""Ramesh"",""bdmEmail"":""ramesh@gmail.com"",""bdmType"":""Close by"",""supportedBy"":false,""bookingDate"":""2024-02-09T00:00:00.000Z"",""caCase"":""No"",""caNumber"":0,""caEmail"":"""",""caCommission"":"""",""companyName"":""Care for free"",""contactNumber"":25783283332,""companyEmail"":""abc@gmail.com"",""services"":[""IEC CODE Certificate""],""originalTotalPayment"":85000,""totalPayment"":85000,""paymentTerms"":""Full Advanced"",""paymentMethod"":""Razorpay"",""firstPayment"":0,""secondPayment"":0,""thirdPayment"":0,""fourthPayment"":0,""paymentRemarks"":"""",""paymentReceipt"":null,""bookingSource"":""Insta Lead"",""cPANorGSTnum"":""2582828328632863"",""incoDate"":""2024-02-22T00:00:00.000Z"",""extraNotes"":""good"",""otherDocs"":[""1707809862054-Get_Started_With_Smallpdf.pdf""],""bookingTime"":""13:07:42"",""__v"":0,""read"":true}"
"{""activePaths"":{""paths"":{""bdmEmail"":""init"",""bdmName"":""init"",""bdeEmail"":""init"",""bdeName"":""init"",""services"":""init"",""otherDocs"":""init"",""read"":""init"",""_id"":""init"",""bdmType"":""init"",""supportedBy"":""init"",""bookingDate"":""init"",""caCase"":""init"",""caNumber"":""init"",""caEmail"":""init"",""caCommission"":""init"",""companyName"":""init"",""contactNumber"":""init"",""companyEmail"":""init"",""originalTotalPayment"":""init"",""totalPayment"":""init"",""paymentTerms"":""init"",""paymentMethod"":""init"",""firstPayment"":""init"",""secondPayment"":""init"",""thirdPayment"":""init"",""fourthPayment"":""init"",""paymentRemarks"":""init"",""paymentReceipt"":""init"",""bookingSource"":""init"",""cPANorGSTnum"":""init"",""incoDate"":""init"",""extraNotes"":""init"",""bookingTime"":""init"",""__v"":""init""},""states"":{""require"":{},""default"":{},""init"":{""_id"":true,""bdeName"":true,""bdeEmail"":true,""bdmName"":true,""bdmEmail"":true,""bdmType"":true,""supportedBy"":true,""bookingDate"":true,""caCase"":true,""caNumber"":true,""caEmail"":true,""caCommission"":true,""companyName"":true,""contactNumber"":true,""companyEmail"":true,""services"":true,""originalTotalPayment"":true,""totalPayment"":true,""paymentTerms"":true,""paymentMethod"":true,""firstPayment"":true,""secondPayment"":true,""thirdPayment"":true,""fourthPayment"":true,""paymentRemarks"":true,""paymentReceipt"":true,""bookingSource"":true,""cPANorGSTnum"":true,""incoDate"":true,""extraNotes"":true,""otherDocs"":true,""bookingTime"":true,""__v"":true,""read"":true}}},""skipId"":true}",false,"{""_id"":""65cef8d59f7e8970396632a6"",""bdeName"":""Anil"",""bdeEmail"":""anil@gmail.com"",""bdmName"":""Palash"",""bdmEmail"":""palash@gmail.com"",""bdmType"":""Supported by"",""supportedBy"":false,""bookingDate"":""2023-05-08T00:00:00.000Z"",""caCase"":""No"",""caNumber"":0,""caEmail"":"""",""caCommission"":"""",""companyName"":""Cameo Web Solutions"",""contactNumber"":6969868963893,""companyEmail"":""abc@gmail.com"",""services"":[""ISO Certificate,FSSAI Certificate,GST Certificate""],""originalTotalPayment"":70000,""totalPayment"":82600,""paymentTerms"":""Full Advanced"",""paymentMethod"":""Razorpay"",""firstPayment"":0,""secondPayment"":0,""thirdPayment"":0,""fourthPayment"":0,""paymentRemarks"":"""",""paymentReceipt"":""1708062933032-Get_Started_With_Smallpdf.pdf"",""bookingSource"":""Insta Lead"",""cPANorGSTnum"":""527582788"",""incoDate"":""2024-02-28T00:00:00.000Z"",""extraNotes"":""Accept"",""otherDocs"":[""1708062933020-file-sample_150kB.pdf"",""1708062933028-file-example_PDF_500_kB.pdf"",""1708062933030-sample-2.pdf"",""1708062933031-sample-1.pdf""],""bookingTime"":""11:25:32"",""__v"":0,""read"":true}"
"{""activePaths"":{""paths"":{""bdmEmail"":""init"",""bdmName"":""init"",""bdeEmail"":""init"",""bdeName"":""init"",""services"":""init"",""otherDocs"":""init"",""read"":""init"",""_id"":""init"",""bdmType"":""init"",""supportedBy"":""init"",""bookingDate"":""init"",""caCase"":""init"",""caNumber"":""init"",""caEmail"":""init"",""caCommission"":""init"",""companyName"":""init"",""contactNumber"":""init"",""companyEmail"":""init"",""originalTotalPayment"":""init"",""totalPayment"":""init"",""paymentTerms"":""init"",""paymentMethod"":""init"",""firstPayment"":""init"",""secondPayment"":""init"",""thirdPayment"":""init"",""fourthPayment"":""init"",""paymentRemarks"":""init"",""paymentReceipt"":""init"",""bookingSource"":""init"",""cPANorGSTnum"":""init"",""incoDate"":""init"",""extraNotes"":""init"",""bookingTime"":""init"",""__v"":""init""},""states"":{""require"":{},""default"":{},""init"":{""_id"":true,""bdeName"":true,""bdeEmail"":true,""bdmName"":true,""bdmEmail"":true,""bdmType"":true,""supportedBy"":true,""bookingDate"":true,""caCase"":true,""caNumber"":true,""caEmail"":true,""caCommission"":true,""companyName"":true,""contactNumber"":true,""companyEmail"":true,""services"":true,""originalTotalPayment"":true,""totalPayment"":true,""paymentTerms"":true,""paymentMethod"":true,""firstPayment"":true,""secondPayment"":true,""thirdPayment"":true,""fourthPayment"":true,""paymentRemarks"":true,""paymentReceipt"":true,""bookingSource"":true,""cPANorGSTnum"":true,""incoDate"":true,""extraNotes"":true,""otherDocs"":true,""bookingTime"":true,""__v"":true,""read"":true}}},""skipId"":true}",false,"{""_id"":""65d07c7b493df14b5b20358f"",""bdeName"":""Sourabh"",""bdeEmail"":""sourabh@gmail.com"",""bdmName"":""Sujata"",""bdmEmail"":""sujata@gmail.com"",""bdmType"":""Close by"",""supportedBy"":false,""bookingDate"":""2023-01-14T00:00:00.000Z"",""caCase"":""Yes"",""caNumber"":68689698689,""caEmail"":""info@incscale.in"",""caCommission"":""5000"",""companyName"":""IDEAL SOLUTIONS ORBIT PRIVATE LIMITED"",""contactNumber"":689698686,""companyEmail"":""abc@gmail.com"",""services"":[""Start-Up India Certificate,FSSAI Certificate,ISO Certificate""],""originalTotalPayment"":80000,""totalPayment"":94400,""paymentTerms"":""two-part"",""paymentMethod"":""ICICI Bank"",""firstPayment"":25000,""secondPayment"":25000,""thirdPayment"":44400,""fourthPayment"":0,""paymentRemarks"":""Done"",""paymentReceipt"":""1708162171164-sample-2.pdf"",""bookingSource"":""Excel Data"",""cPANorGSTnum"":""656456464"",""incoDate"":""2023-07-12T00:00:00.000Z"",""extraNotes"":""no"",""otherDocs"":[""1708162171147-file-sample_150kB.pdf"",""1708162171156-file-example_PDF_500_kB.pdf"",""1708162171162-sample-2.pdf"",""1708162171162-sample-1.pdf"",""1708162171163-Get_Started_With_Smallpdf.pdf""],""bookingTime"":""14:59:31"",""__v"":0,""read"":true}"
"{""activePaths"":{""paths"":{""bdmEmail"":""init"",""bdmName"":""init"",""bdeEmail"":""init"",""bdeName"":""init"",""services"":""init"",""otherDocs"":""init"",""read"":""init"",""_id"":""init"",""bdmType"":""init"",""supportedBy"":""init"",""bookingDate"":""init"",""caCase"":""init"",""caNumber"":""init"",""caEmail"":""init"",""caCommission"":""init"",""companyName"":""init"",""contactNumber"":""init"",""companyEmail"":""init"",""originalTotalPayment"":""init"",""totalPayment"":""init"",""paymentTerms"":""init"",""paymentMethod"":""init"",""firstPayment"":""init"",""secondPayment"":""init"",""thirdPayment"":""init"",""fourthPayment"":""init"",""paymentRemarks"":""init"",""bookingSource"":""init"",""cPANorGSTnum"":""init"",""incoDate"":""init"",""extraNotes"":""init"",""bookingTime"":""init"",""__v"":""init""},""states"":{""require"":{},""default"":{},""init"":{""_id"":true,""bdeName"":true,""bdeEmail"":true,""bdmName"":true,""bdmEmail"":true,""bdmType"":true,""supportedBy"":true,""bookingDate"":true,""caCase"":true,""caNumber"":true,""caEmail"":true,""caCommission"":true,""companyName"":true,""contactNumber"":true,""companyEmail"":true,""services"":true,""originalTotalPayment"":true,""totalPayment"":true,""paymentTerms"":true,""paymentMethod"":true,""firstPayment"":true,""secondPayment"":true,""thirdPayment"":true,""fourthPayment"":true,""paymentRemarks"":true,""bookingSource"":true,""cPANorGSTnum"":true,""incoDate"":true,""extraNotes"":true,""otherDocs"":true,""bookingTime"":true,""read"":true,""__v"":true}}},""skipId"":true}",false,"{""_id"":""65d32e38ea9a723fe158377b"",""bdeName"":""Swapnil"",""bdeEmail"":""swapnil@gmail.com"",""bdmName"":""Lynn O’Leeum"",""bdmEmail"":""lynn@gmai.com"",""bdmType"":""closeby"",""supportedBy"":true,""bookingDate"":""2023-02-12T00:00:00.000Z"",""caCase"":""yes"",""caNumber"":9852364441,""caEmail"":""company@gmail.com"",""caCommission"":""2000"",""companyName"":""Acme Corporation (Looney Tunes) ..."",""contactNumber"":9941403289,""companyEmail"":""abc@gmail.com"",""services"":[""IEC CODE Certificate,MSME/UYDAM Certificate,APEDA Certificate""],""originalTotalPayment"":50000,""totalPayment"":50000,""paymentTerms"":""two-part"",""paymentMethod"":""Razorpay"",""firstPayment"":0,""secondPayment"":0,""thirdPayment"":0,""fourthPayment"":0,""paymentRemarks"":""done"",""bookingSource"":""Reference"",""cPANorGSTnum"":""2135165416541"",""incoDate"":""2023-08-01T00:00:00.000Z"",""extraNotes"":""payment done"",""otherDocs"":[],""bookingTime"":""08:20:26"",""read"":true,""__v"":0}"
"{""activePaths"":{""paths"":{""bdmEmail"":""init"",""bdmName"":""init"",""bdeEmail"":""init"",""bdeName"":""init"",""services"":""init"",""otherDocs"":""init"",""read"":""init"",""_id"":""init"",""bdmType"":""init"",""supportedBy"":""init"",""bookingDate"":""init"",""caCase"":""init"",""caNumber"":""init"",""caEmail"":""init"",""caCommission"":""init"",""companyName"":""init"",""contactNumber"":""init"",""companyEmail"":""init"",""originalTotalPayment"":""init"",""totalPayment"":""init"",""paymentTerms"":""init"",""paymentMethod"":""init"",""firstPayment"":""init"",""secondPayment"":""init"",""thirdPayment"":""init"",""fourthPayment"":""init"",""paymentRemarks"":""init"",""bookingSource"":""init"",""cPANorGSTnum"":""init"",""incoDate"":""init"",""extraNotes"":""init"",""bookingTime"":""init"",""__v"":""init""},""states"":{""require"":{},""default"":{},""init"":{""_id"":true,""bdeName"":true,""bdeEmail"":true,""bdmName"":true,""bdmEmail"":true,""bdmType"":true,""supportedBy"":true,""bookingDate"":true,""caCase"":true,""caNumber"":true,""caEmail"":true,""caCommission"":true,""companyName"":true,""contactNumber"":true,""companyEmail"":true,""services"":true,""originalTotalPayment"":true,""totalPayment"":true,""paymentTerms"":true,""paymentMethod"":true,""firstPayment"":true,""secondPayment"":true,""thirdPayment"":true,""fourthPayment"":true,""paymentRemarks"":true,""bookingSource"":true,""cPANorGSTnum"":true,""incoDate"":true,""extraNotes"":true,""otherDocs"":true,""bookingTime"":true,""read"":true,""__v"":true}}},""skipId"":true}",false,"{""_id"":""65d32e38ea9a723fe158377d"",""bdeName"":""Alex"",""bdeEmail"":""alex@gmail.com"",""bdmName"":""P. Ann O’Recital"",""bdmEmail"":""p@gmail.com"",""bdmType"":""supportby"",""supportedBy"":true,""bookingDate"":""2023-01-30T00:00:00.000Z"",""caCase"":""yes"",""caNumber"":9852364471,""caEmail"":""company@gmail.com"",""caCommission"":""2000"",""companyName"":""Globex Corporation (The Simpsons) ..."",""contactNumber"":9941403289,""companyEmail"":""abc@gmail.com"",""services"":[""IEC CODE Certificate,APEDA Certificate""],""originalTotalPayment"":70000,""totalPayment"":70000,""paymentTerms"":""two-part"",""paymentMethod"":""Razorpay"",""firstPayment"":35000,""secondPayment"":35000,""thirdPayment"":0,""fourthPayment"":0,""paymentRemarks"":""done"",""bookingSource"":""Reference"",""cPANorGSTnum"":""2135165416541"",""incoDate"":""2023-08-01T00:00:00.000Z"",""extraNotes"":""payment done"",""otherDocs"":[],""bookingTime"":""09:20:26"",""read"":true,""__v"":0}"
"{""activePaths"":{""paths"":{""bdmEmail"":""init"",""bdmName"":""init"",""bdeEmail"":""init"",""bdeName"":""init"",""services"":""init"",""otherDocs"":""init"",""read"":""init"",""_id"":""init"",""bdmType"":""init"",""supportedBy"":""init"",""bookingDate"":""init"",""caCase"":""init"",""caNumber"":""init"",""caEmail"":""init"",""caCommission"":""init"",""companyName"":""init"",""contactNumber"":""init"",""companyEmail"":""init"",""originalTotalPayment"":""init"",""totalPayment"":""init"",""paymentTerms"":""init"",""paymentMethod"":""init"",""firstPayment"":""init"",""secondPayment"":""init"",""thirdPayment"":""init"",""fourthPayment"":""init"",""paymentRemarks"":""init"",""bookingSource"":""init"",""cPANorGSTnum"":""init"",""incoDate"":""init"",""extraNotes"":""init"",""bookingTime"":""init"",""__v"":""init""},""states"":{""require"":{},""default"":{},""init"":{""_id"":true,""bdeName"":true,""bdeEmail"":true,""bdmName"":true,""bdmEmail"":true,""bdmType"":true,""supportedBy"":true,""bookingDate"":true,""caCase"":true,""caNumber"":true,""caEmail"":true,""caCommission"":true,""companyName"":true,""contactNumber"":true,""companyEmail"":true,""services"":true,""originalTotalPayment"":true,""totalPayment"":true,""paymentTerms"":true,""paymentMethod"":true,""firstPayment"":true,""secondPayment"":true,""thirdPayment"":true,""fourthPayment"":true,""paymentRemarks"":true,""bookingSource"":true,""cPANorGSTnum"":true,""incoDate"":true,""extraNotes"":true,""otherDocs"":true,""bookingTime"":true,""read"":true,""__v"":true}}},""skipId"":true}",false,"{""_id"":""65d32e38ea9a723fe158377f"",""bdeName"":""Patty O’Furniture"",""bdeEmail"":""patty@gmail.com"",""bdmName"":""Ray O’Sun"",""bdmEmail"":""ray@gmail.com"",""bdmType"":""closeby"",""supportedBy"":true,""bookingDate"":""2023-08-14T00:00:00.000Z"",""caCase"":""yes"",""caNumber"":9852364447,""caEmail"":""company@gmail.com"",""caCommission"":""2000"",""companyName"":""Soylent Corp (Soylent Green) ..."",""contactNumber"":9941403289,""companyEmail"":""abc@gmail.com"",""services"":[""IEC CODE Certificate,MSME/UYDAM Certificate,APEDA Certificate""],""originalTotalPayment"":12000,""totalPayment"":12000,""paymentTerms"":""two-part"",""paymentMethod"":""Razorpay"",""firstPayment"":12000,""secondPayment"":0,""thirdPayment"":0,""fourthPayment"":0,""paymentRemarks"":""done"",""bookingSource"":""Reference"",""cPANorGSTnum"":""2135165416541"",""incoDate"":""2023-08-01T00:00:00.000Z"",""extraNotes"":""payment done"",""otherDocs"":[],""bookingTime"":""10:20:26"",""read"":true,""__v"":0}"
"{""activePaths"":{""paths"":{""bdmEmail"":""init"",""bdmName"":""init"",""bdeEmail"":""init"",""bdeName"":""init"",""services"":""init"",""otherDocs"":""init"",""read"":""init"",""_id"":""init"",""bdmType"":""init"",""supportedBy"":""init"",""bookingDate"":""init"",""caCase"":""init"",""caNumber"":""init"",""caEmail"":""init"",""caCommission"":""init"",""companyName"":""init"",""contactNumber"":""init"",""companyEmail"":""init"",""originalTotalPayment"":""init"",""totalPayment"":""init"",""paymentTerms"":""init"",""paymentMethod"":""init"",""firstPayment"":""init"",""secondPayment"":""init"",""thirdPayment"":""init"",""fourthPayment"":""init"",""paymentRemarks"":""init"",""bookingSource"":""init"",""cPANorGSTnum"":""init"",""incoDate"":""init"",""extraNotes"":""init"",""bookingTime"":""init"",""__v"":""init""},""states"":{""require"":{},""default"":{},""init"":{""_id"":true,""bdeName"":true,""bdeEmail"":true,""bdmName"":true,""bdmEmail"":true,""bdmType"":true,""supportedBy"":true,""bookingDate"":true,""caCase"":true,""caNumber"":true,""caEmail"":true,""caCommission"":true,""companyName"":true,""contactNumber"":true,""companyEmail"":true,""services"":true,""originalTotalPayment"":true,""totalPayment"":true,""paymentTerms"":true,""paymentMethod"":true,""firstPayment"":true,""secondPayment"":true,""thirdPayment"":true,""fourthPayment"":true,""paymentRemarks"":true,""bookingSource"":true,""cPANorGSTnum"":true,""incoDate"":true,""extraNotes"":true,""otherDocs"":true,""bookingTime"":true,""read"":true,""__v"":true}}},""skipId"":true}",false,"{""_id"":""65d32e38ea9a723fe1583781"",""bdeName"":""Ann Chovey"",""bdeEmail"":""ann@gmail.com"",""bdmName"":""Ray Sin"",""bdmEmail"":""ann2gmail.com"",""bdmType"":""closeby"",""supportedBy"":true,""bookingDate"":""2023-07-11T00:00:00.000Z"",""caCase"":""yes"",""caNumber"":9852364741,""caEmail"":""company@gmail.com"",""caCommission"":""2000"",""companyName"":""Initech (Office Space) ..."",""contactNumber"":9941403289,""companyEmail"":""abc@gmail.com"",""services"":[""IEC CODE Certificate,MSME/UYDAM Certificate,APEDA Certificate""],""originalTotalPayment"":500000,""totalPayment"":500000,""paymentTerms"":""two-part"",""paymentMethod"":""Razorpay"",""firstPayment"":100000,""secondPayment"":100000,""thirdPayment"":100000,""fourthPayment"":200000,""paymentRemarks"":""done"",""bookingSource"":""Reference"",""cPANorGSTnum"":""2135165416541"",""incoDate"":""2023-08-01T00:00:00.000Z"",""extraNotes"":""payment done"",""otherDocs"":[],""bookingTime"":""11:20:26"",""read"":true,""__v"":0}"
"{""activePaths"":{""paths"":{""bdmEmail"":""init"",""bdmName"":""init"",""bdeEmail"":""init"",""bdeName"":""init"",""services"":""init"",""otherDocs"":""init"",""read"":""init"",""_id"":""init"",""bdmType"":""init"",""supportedBy"":""init"",""bookingDate"":""init"",""caCase"":""init"",""caNumber"":""init"",""caEmail"":""init"",""caCommission"":""init"",""companyName"":""init"",""contactNumber"":""init"",""companyEmail"":""init"",""originalTotalPayment"":""init"",""totalPayment"":""init"",""paymentTerms"":""init"",""paymentMethod"":""init"",""firstPayment"":""init"",""secondPayment"":""init"",""thirdPayment"":""init"",""fourthPayment"":""init"",""paymentRemarks"":""init"",""bookingSource"":""init"",""cPANorGSTnum"":""init"",""incoDate"":""init"",""extraNotes"":""init"",""bookingTime"":""init"",""__v"":""init""},""states"":{""require"":{},""default"":{},""init"":{""_id"":true,""bdeName"":true,""bdeEmail"":true,""bdmName"":true,""bdmEmail"":true,""bdmType"":true,""supportedBy"":true,""bookingDate"":true,""caCase"":true,""caNumber"":true,""caEmail"":true,""caCommission"":true,""companyName"":true,""contactNumber"":true,""companyEmail"":true,""services"":true,""originalTotalPayment"":true,""totalPayment"":true,""paymentTerms"":true,""paymentMethod"":true,""firstPayment"":true,""secondPayment"":true,""thirdPayment"":true,""fourthPayment"":true,""paymentRemarks"":true,""bookingSource"":true,""cPANorGSTnum"":true,""incoDate"":true,""extraNotes"":true,""otherDocs"":true,""bookingTime"":true,""read"":true,""__v"":true}}},""skipId"":true}",false,"{""_id"":""65d32e38ea9a723fe1583783"",""bdeName"":""Hazel Nutt"",""bdeEmail"":""hazel@gmail.com"",""bdmName"":""Isabelle Ringing"",""bdmEmail"":""isa@gmail.com"",""bdmType"":""supportby"",""supportedBy"":true,""bookingDate"":""2023-01-08T00:00:00.000Z"",""caCase"":""yes"",""caNumber"":9852364941,""caEmail"":""company@gmail.com"",""caCommission"":""2000"",""companyName"":""Umbrella Corporation (Resident Evil) ..."",""contactNumber"":9941403289,""companyEmail"":""abc@gmail.com"",""services"":[""IEC CODE Certificate,MSME/UYDAM Certificate,APEDA Certificate""],""originalTotalPayment"":45000,""totalPayment"":45000,""paymentTerms"":""two-part"",""paymentMethod"":""Razorpay"",""firstPayment"":45000,""secondPayment"":0,""thirdPayment"":0,""fourthPayment"":0,""paymentRemarks"":""done"",""bookingSource"":""Reference"",""cPANorGSTnum"":""2135165416541"",""incoDate"":""2023-08-01T00:00:00.000Z"",""extraNotes"":""payment done"",""otherDocs"":[],""bookingTime"":""12:20:26"",""read"":true,""__v"":0}"
"{""activePaths"":{""paths"":{""bdmEmail"":""init"",""bdmName"":""init"",""bdeEmail"":""init"",""bdeName"":""init"",""services"":""init"",""otherDocs"":""init"",""read"":""init"",""_id"":""init"",""bdmType"":""init"",""supportedBy"":""init"",""bookingDate"":""init"",""caCase"":""init"",""caNumber"":""init"",""caEmail"":""init"",""caCommission"":""init"",""companyName"":""init"",""contactNumber"":""init"",""companyEmail"":""init"",""originalTotalPayment"":""init"",""totalPayment"":""init"",""paymentTerms"":""init"",""paymentMethod"":""init"",""firstPayment"":""init"",""secondPayment"":""init"",""thirdPayment"":""init"",""fourthPayment"":""init"",""paymentRemarks"":""init"",""bookingSource"":""init"",""cPANorGSTnum"":""init"",""incoDate"":""init"",""extraNotes"":""init"",""bookingTime"":""init"",""__v"":""init""},""states"":{""require"":{},""default"":{},""init"":{""_id"":true,""bdeName"":true,""bdeEmail"":true,""bdmName"":true,""bdmEmail"":true,""bdmType"":true,""supportedBy"":true,""bookingDate"":true,""caCase"":true,""caNumber"":true,""caEmail"":true,""caCommission"":true,""companyName"":true,""contactNumber"":true,""companyEmail"":true,""services"":true,""originalTotalPayment"":true,""totalPayment"":true,""paymentTerms"":true,""paymentMethod"":true,""firstPayment"":true,""secondPayment"":true,""thirdPayment"":true,""fourthPayment"":true,""paymentRemarks"":true,""bookingSource"":true,""cPANorGSTnum"":true,""incoDate"":true,""extraNotes"":true,""otherDocs"":true,""bookingTime"":true,""read"":true,""__v"":true}}},""skipId"":true}",false,"{""_id"":""65d32e38ea9a723fe1583785"",""bdeName"":""Chris P. Bacon"",""bdeEmail"":""chris@gmail.com"",""bdmName"":""Eileen Sideways"",""bdmEmail"":""chris@gmail.com"",""bdmType"":""closeby"",""supportedBy"":true,""bookingDate"":""2023-06-07T00:00:00.000Z"",""caCase"":""yes"",""caNumber"":9852324441,""caEmail"":""company@gmail.com"",""caCommission"":""2000"",""companyName"":""Hooli (Silicon Valley) ..."",""contactNumber"":9941403289,""companyEmail"":""abc@gmail.com"",""services"":[""IEC CODE Certificate,MSME/UYDAM Certificate,APEDA Certificate""],""originalTotalPayment"":118000,""totalPayment"":100000,""paymentTerms"":""two-part"",""paymentMethod"":""Razorpay"",""firstPayment"":25000,""secondPayment"":25000,""thirdPayment"":25000,""fourthPayment"":43000,""paymentRemarks"":""done"",""bookingSource"":""Reference"",""cPANorGSTnum"":""2135165416541"",""incoDate"":""2023-08-01T00:00:00.000Z"",""extraNotes"":""payment done"",""otherDocs"":[],""bookingTime"":""13:20:26"",""read"":true,""__v"":0}"
"{""activePaths"":{""paths"":{""bdmEmail"":""init"",""bdmName"":""init"",""bdeEmail"":""init"",""bdeName"":""init"",""services"":""init"",""otherDocs"":""init"",""read"":""init"",""_id"":""init"",""bdmType"":""init"",""supportedBy"":""init"",""bookingDate"":""init"",""caCase"":""init"",""caNumber"":""init"",""caEmail"":""init"",""caCommission"":""init"",""companyName"":""init"",""contactNumber"":""init"",""companyEmail"":""init"",""originalTotalPayment"":""init"",""totalPayment"":""init"",""paymentTerms"":""init"",""paymentMethod"":""init"",""firstPayment"":""init"",""secondPayment"":""init"",""thirdPayment"":""init"",""fourthPayment"":""init"",""paymentRemarks"":""init"",""bookingSource"":""init"",""cPANorGSTnum"":""init"",""incoDate"":""init"",""extraNotes"":""init"",""bookingTime"":""init"",""__v"":""init""},""states"":{""require"":{},""default"":{},""init"":{""_id"":true,""bdeName"":true,""bdeEmail"":true,""bdmName"":true,""bdmEmail"":true,""bdmType"":true,""supportedBy"":true,""bookingDate"":true,""caCase"":true,""caNumber"":true,""caEmail"":true,""caCommission"":true,""companyName"":true,""contactNumber"":true,""companyEmail"":true,""services"":true,""originalTotalPayment"":true,""totalPayment"":true,""paymentTerms"":true,""paymentMethod"":true,""firstPayment"":true,""secondPayment"":true,""thirdPayment"":true,""fourthPayment"":true,""paymentRemarks"":true,""bookingSource"":true,""cPANorGSTnum"":true,""incoDate"":true,""extraNotes"":true,""otherDocs"":true,""bookingTime"":true,""read"":true,""__v"":true}}},""skipId"":true}",false,"{""_id"":""65d32e38ea9a723fe1583787"",""bdeName"":""Marsha Mellow"",""bdeEmail"":""marsha@gmail.com"",""bdmName"":""Rita Book"",""bdmEmail"":""rita@gmail.com"",""bdmType"":""closeby"",""supportedBy"":true,""bookingDate"":""2023-01-30T00:00:00.000Z"",""caCase"":""yes"",""caNumber"":9852361441,""caEmail"":""company@gmail.com"",""caCommission"":""2000"",""companyName"":""Vehement Capital Partners (Weeds) ..."",""contactNumber"":9941403289,""companyEmail"":""abc@gmail.com"",""services"":[""IEC CODE Certificate,MSME/UYDAM Certificate,APEDA Certificate""],""originalTotalPayment"":118000,""totalPayment"":100000,""paymentTerms"":""two-part"",""paymentMethod"":""Razorpay"",""firstPayment"":25000,""secondPayment"":25000,""thirdPayment"":25000,""fourthPayment"":43000,""paymentRemarks"":""done"",""bookingSource"":""Reference"",""cPANorGSTnum"":""2135165416541"",""incoDate"":""2023-08-01T00:00:00.000Z"",""extraNotes"":""payment done"",""otherDocs"":[],""bookingTime"":""14:20:26"",""read"":true,""__v"":0}"
"{""activePaths"":{""paths"":{""bdmEmail"":""init"",""bdmName"":""init"",""bdeEmail"":""init"",""bdeName"":""init"",""services"":""init"",""otherDocs"":""init"",""read"":""init"",""_id"":""init"",""bdmType"":""init"",""supportedBy"":""init"",""bookingDate"":""init"",""caCase"":""init"",""caNumber"":""init"",""caEmail"":""init"",""caCommission"":""init"",""companyName"":""init"",""contactNumber"":""init"",""companyEmail"":""init"",""originalTotalPayment"":""init"",""totalPayment"":""init"",""paymentTerms"":""init"",""paymentMethod"":""init"",""firstPayment"":""init"",""secondPayment"":""init"",""thirdPayment"":""init"",""fourthPayment"":""init"",""paymentRemarks"":""init"",""bookingSource"":""init"",""cPANorGSTnum"":""init"",""incoDate"":""init"",""extraNotes"":""init"",""bookingTime"":""init"",""__v"":""init""},""states"":{""require"":{},""default"":{},""init"":{""_id"":true,""bdeName"":true,""bdeEmail"":true,""bdmName"":true,""bdmEmail"":true,""bdmType"":true,""supportedBy"":true,""bookingDate"":true,""caCase"":true,""caNumber"":true,""caEmail"":true,""caCommission"":true,""companyName"":true,""contactNumber"":true,""companyEmail"":true,""services"":true,""originalTotalPayment"":true,""totalPayment"":true,""paymentTerms"":true,""paymentMethod"":true,""firstPayment"":true,""secondPayment"":true,""thirdPayment"":true,""fourthPayment"":true,""paymentRemarks"":true,""bookingSource"":true,""cPANorGSTnum"":true,""incoDate"":true,""extraNotes"":true,""otherDocs"":true,""bookingTime"":true,""read"":true,""__v"":true}}},""skipId"":true}",false,"{""_id"":""65d32e38ea9a723fe1583789"",""bdeName"":""Olive Yew"",""bdeEmail"":""olive@gmail.com"",""bdmName"":""Paige Turner"",""bdmEmail"":""paige@gmail.com"",""bdmType"":""closeby"",""supportedBy"":true,""bookingDate"":""2023-02-12T00:00:00.000Z"",""caCase"":""yes"",""caNumber"":9852374441,""caEmail"":""company@gmail.com"",""caCommission"":""2000"",""companyName"":""Massive Dynamic (Fringe)"",""contactNumber"":9941403289,""companyEmail"":""abc@gmail.com"",""services"":[""IEC CODE Certificate,MSME/UYDAM Certificate,APEDA Certificate""],""originalTotalPayment"":118000,""totalPayment"":100000,""paymentTerms"":""two-part"",""paymentMethod"":""Razorpay"",""firstPayment"":25000,""secondPayment"":25000,""thirdPayment"":25000,""fourthPayment"":43000,""paymentRemarks"":""done"",""bookingSource"":""Reference"",""cPANorGSTnum"":""2135165416541"",""incoDate"":""2023-08-01T00:00:00.000Z"",""extraNotes"":""payment done"",""otherDocs"":[],""bookingTime"":""15:20:26"",""read"":true,""__v"":0}"
"{""activePaths"":{""paths"":{""bdmEmail"":""init"",""bdmName"":""init"",""bdeEmail"":""init"",""bdeName"":""init"",""services"":""init"",""otherDocs"":""init"",""read"":""init"",""_id"":""init"",""bdmType"":""init"",""supportedBy"":""init"",""bookingDate"":""init"",""caCase"":""init"",""caNumber"":""init"",""caEmail"":""init"",""caCommission"":""init"",""companyName"":""init"",""contactNumber"":""init"",""companyEmail"":""init"",""originalTotalPayment"":""init"",""totalPayment"":""init"",""paymentTerms"":""init"",""paymentMethod"":""init"",""firstPayment"":""init"",""secondPayment"":""init"",""thirdPayment"":""init"",""fourthPayment"":""init"",""paymentRemarks"":""init"",""bookingSource"":""init"",""cPANorGSTnum"":""init"",""incoDate"":""init"",""extraNotes"":""init"",""bookingTime"":""init"",""__v"":""init""},""states"":{""require"":{},""default"":{},""init"":{""_id"":true,""bdeName"":true,""bdeEmail"":true,""bdmName"":true,""bdmEmail"":true,""bdmType"":true,""supportedBy"":true,""bookingDate"":true,""caCase"":true,""caNumber"":true,""caEmail"":true,""caCommission"":true,""companyName"":true,""contactNumber"":true,""companyEmail"":true,""services"":true,""originalTotalPayment"":true,""totalPayment"":true,""paymentTerms"":true,""paymentMethod"":true,""firstPayment"":true,""secondPayment"":true,""thirdPayment"":true,""fourthPayment"":true,""paymentRemarks"":true,""bookingSource"":true,""cPANorGSTnum"":true,""incoDate"":true,""extraNotes"":true,""otherDocs"":true,""bookingTime"":true,""read"":true,""__v"":true}}},""skipId"":true}",false,"{""_id"":""65d32e38ea9a723fe158378b"",""bdeName"":""Barb Akew"",""bdeEmail"":""barb@gmail.com"",""bdmName"":""Rhoda Report"",""bdmEmail"":""rhoda@gmail.com"",""bdmType"":""closeby"",""supportedBy"":true,""bookingDate"":""2023-01-08T00:00:00.000Z"",""caCase"":""yes"",""caNumber"":9852364441,""caEmail"":""company@gmail.com"",""caCommission"":""2000"",""companyName"":""Splashed Craft"",""contactNumber"":9941403289,""companyEmail"":""abc@gmail.com"",""services"":[""IEC CODE Certificate,MSME/UYDAM Certificate,APEDA Certificate""],""originalTotalPayment"":118000,""totalPayment"":100000,""paymentTerms"":""two-part"",""paymentMethod"":""Razorpay"",""firstPayment"":25000,""secondPayment"":25000,""thirdPayment"":25000,""fourthPayment"":43000,""paymentRemarks"":""done"",""bookingSource"":""Reference"",""cPANorGSTnum"":""2135165416541"",""incoDate"":""2023-08-01T00:00:00.000Z"",""extraNotes"":""payment done"",""otherDocs"":[],""bookingTime"":""16:20:26"",""read"":true,""__v"":0}"
"{""activePaths"":{""paths"":{""bdmEmail"":""init"",""bdmName"":""init"",""bdeEmail"":""init"",""bdeName"":""init"",""services"":""init"",""otherDocs"":""init"",""read"":""init"",""_id"":""init"",""bdmType"":""init"",""supportedBy"":""init"",""bookingDate"":""init"",""caCase"":""init"",""caNumber"":""init"",""caEmail"":""init"",""caCommission"":""init"",""companyName"":""init"",""contactNumber"":""init"",""companyEmail"":""init"",""originalTotalPayment"":""init"",""totalPayment"":""init"",""paymentTerms"":""init"",""paymentMethod"":""init"",""firstPayment"":""init"",""secondPayment"":""init"",""thirdPayment"":""init"",""fourthPayment"":""init"",""paymentRemarks"":""init"",""bookingSource"":""init"",""cPANorGSTnum"":""init"",""incoDate"":""init"",""extraNotes"":""init"",""bookingTime"":""init"",""__v"":""init""},""states"":{""require"":{},""default"":{},""init"":{""_id"":true,""bdeName"":true,""bdeEmail"":true,""bdmName"":true,""bdmEmail"":true,""bdmType"":true,""supportedBy"":true,""bookingDate"":true,""caCase"":true,""caNumber"":true,""caEmail"":true,""caCommission"":true,""companyName"":true,""contactNumber"":true,""companyEmail"":true,""services"":true,""originalTotalPayment"":true,""totalPayment"":true,""paymentTerms"":true,""paymentMethod"":true,""firstPayment"":true,""secondPayment"":true,""thirdPayment"":true,""fourthPayment"":true,""paymentRemarks"":true,""bookingSource"":true,""cPANorGSTnum"":true,""incoDate"":true,""extraNotes"":true,""otherDocs"":true,""bookingTime"":true,""read"":true,""__v"":true}}},""skipId"":true}",false,"{""_id"":""65d32e38ea9a723fe158378d"",""bdeName"":""Aida Bugg"",""bdeEmail"":""aida@gmail.com"",""bdmName"":""Augusta Wind"",""bdmEmail"":""augusta@gmail.com"",""bdmType"":""closeby"",""supportedBy"":true,""bookingDate"":""2023-07-11T00:00:00.000Z"",""caCase"":""yes"",""caNumber"":9852374441,""caEmail"":""company@gmail.com"",""caCommission"":""2000"",""companyName"":""The Empty Plate"",""contactNumber"":9941403289,""companyEmail"":""abc@gmail.com"",""services"":[""I Certificate,MSME/UYDAM Certificate,APEDA Certificate""],""originalTotalPayment"":118000,""totalPayment"":100000,""paymentTerms"":""two-part"",""paymentMethod"":""Razorpay"",""firstPayment"":25000,""secondPayment"":25000,""thirdPayment"":25000,""fourthPayment"":43000,""paymentRemarks"":""done"",""bookingSource"":""Reference"",""cPANorGSTnum"":""2135165416541"",""incoDate"":""2023-08-01T00:00:00.000Z"",""extraNotes"":""payment done"",""otherDocs"":[],""bookingTime"":""17:20:26"",""read"":true,""__v"":0}"
"{""activePaths"":{""paths"":{""bdmEmail"":""init"",""bdmName"":""init"",""bdeEmail"":""init"",""bdeName"":""init"",""services"":""init"",""otherDocs"":""init"",""read"":""init"",""_id"":""init"",""bdmType"":""init"",""supportedBy"":""init"",""bookingDate"":""init"",""caCase"":""init"",""caNumber"":""init"",""caEmail"":""init"",""caCommission"":""init"",""companyName"":""init"",""contactNumber"":""init"",""companyEmail"":""init"",""originalTotalPayment"":""init"",""totalPayment"":""init"",""paymentTerms"":""init"",""paymentMethod"":""init"",""firstPayment"":""init"",""secondPayment"":""init"",""thirdPayment"":""init"",""fourthPayment"":""init"",""paymentRemarks"":""init"",""bookingSource"":""init"",""cPANorGSTnum"":""init"",""incoDate"":""init"",""extraNotes"":""init"",""bookingTime"":""init"",""__v"":""init""},""states"":{""require"":{},""default"":{},""init"":{""_id"":true,""bdeName"":true,""bdeEmail"":true,""bdmName"":true,""bdmEmail"":true,""bdmType"":true,""supportedBy"":true,""bookingDate"":true,""caCase"":true,""caNumber"":true,""caEmail"":true,""caCommission"":true,""companyName"":true,""contactNumber"":true,""companyEmail"":true,""services"":true,""originalTotalPayment"":true,""totalPayment"":true,""paymentTerms"":true,""paymentMethod"":true,""firstPayment"":true,""secondPayment"":true,""thirdPayment"":true,""fourthPayment"":true,""paymentRemarks"":true,""bookingSource"":true,""cPANorGSTnum"":true,""incoDate"":true,""extraNotes"":true,""otherDocs"":true,""bookingTime"":true,""read"":true,""__v"":true}}},""skipId"":true}",false,"{""_id"":""65d32e38ea9a723fe158378f"",""bdeName"":""Maureen Biologist"",""bdeEmail"":""maureen@gmail.com"",""bdmName"":""Chris Anthemum"",""bdmEmail"":""chris@gmail.com"",""bdmType"":""closeby"",""supportedBy"":true,""bookingDate"":""2023-02-12T00:00:00.000Z"",""caCase"":""yes"",""caNumber"":9852364441,""caEmail"":""company@gmail.com"",""caCommission"":""2000"",""companyName"":""Flashed Craft"",""contactNumber"":9941403289,""companyEmail"":""abc@gmail.com"",""services"":[""MSME/UYDAM Certificate,APEDA Certificate""],""originalTotalPayment"":118000,""totalPayment"":100000,""paymentTerms"":""two-part"",""paymentMethod"":""Razorpay"",""firstPayment"":25000,""secondPayment"":25000,""thirdPayment"":25000,""fourthPayment"":43000,""paymentRemarks"":""done"",""bookingSource"":""Reference"",""cPANorGSTnum"":""2135165416541"",""incoDate"":""2023-08-01T00:00:00.000Z"",""extraNotes"":""payment done"",""otherDocs"":[],""bookingTime"":""18:20:26"",""read"":true,""__v"":0}"
"{""activePaths"":{""paths"":{""bdmEmail"":""init"",""bdmName"":""init"",""bdeEmail"":""init"",""bdeName"":""init"",""services"":""init"",""otherDocs"":""init"",""read"":""init"",""_id"":""init"",""bdmType"":""init"",""supportedBy"":""init"",""bookingDate"":""init"",""caCase"":""init"",""caNumber"":""init"",""caEmail"":""init"",""caCommission"":""init"",""companyName"":""init"",""contactNumber"":""init"",""companyEmail"":""init"",""originalTotalPayment"":""init"",""totalPayment"":""init"",""paymentTerms"":""init"",""paymentMethod"":""init"",""firstPayment"":""init"",""secondPayment"":""init"",""thirdPayment"":""init"",""fourthPayment"":""init"",""paymentRemarks"":""init"",""bookingSource"":""init"",""cPANorGSTnum"":""init"",""incoDate"":""init"",""extraNotes"":""init"",""bookingTime"":""init"",""__v"":""init""},""states"":{""require"":{},""default"":{},""init"":{""_id"":true,""bdeName"":true,""bdeEmail"":true,""bdmName"":true,""bdmEmail"":true,""bdmType"":true,""supportedBy"":true,""bookingDate"":true,""caCase"":true,""caNumber"":true,""caEmail"":true,""caCommission"":true,""companyName"":true,""contactNumber"":true,""companyEmail"":true,""services"":true,""originalTotalPayment"":true,""totalPayment"":true,""paymentTerms"":true,""paymentMethod"":true,""firstPayment"":true,""secondPayment"":true,""thirdPayment"":true,""fourthPayment"":true,""paymentRemarks"":true,""bookingSource"":true,""cPANorGSTnum"":true,""incoDate"":true,""extraNotes"":true,""otherDocs"":true,""bookingTime"":true,""read"":true,""__v"":true}}},""skipId"":true}",false,"{""_id"":""65d32e38ea9a723fe1583791"",""bdeName"":""Teri Dactyl"",""bdeEmail"":""teri@gmail.com"",""bdmName"":""Anne Teak"",""bdmEmail"":""anne@gmail.com"",""bdmType"":""supportby"",""supportedBy"":true,""bookingDate"":""2023-01-08T00:00:00.000Z"",""caCase"":""yes"",""caNumber"":9852364441,""caEmail"":""company@gmail.com"",""caCommission"":""2000"",""companyName"":""Hearty Home Décor"",""contactNumber"":9941403289,""companyEmail"":""abc@gmail.com"",""services"":[""IEC CODE Certificate,MSME/UYDAM Certificate,APEDA Certificate""],""originalTotalPayment"":118000,""totalPayment"":100000,""paymentTerms"":""two-part"",""paymentMethod"":""Razorpay"",""firstPayment"":25000,""secondPayment"":25000,""thirdPayment"":25000,""fourthPayment"":43000,""paymentRemarks"":""done"",""bookingSource"":""Reference"",""cPANorGSTnum"":""2135165416541"",""incoDate"":""2023-08-01T00:00:00.000Z"",""extraNotes"":""payment done"",""otherDocs"":[],""bookingTime"":""19:20:26"",""read"":true,""__v"":0}"
"{""activePaths"":{""paths"":{""bdmEmail"":""init"",""bdmName"":""init"",""bdeEmail"":""init"",""bdeName"":""init"",""services"":""init"",""otherDocs"":""init"",""read"":""init"",""_id"":""init"",""bdmType"":""init"",""supportedBy"":""init"",""bookingDate"":""init"",""caCase"":""init"",""caNumber"":""init"",""caEmail"":""init"",""caCommission"":""init"",""companyName"":""init"",""contactNumber"":""init"",""companyEmail"":""init"",""originalTotalPayment"":""init"",""totalPayment"":""init"",""paymentTerms"":""init"",""paymentMethod"":""init"",""firstPayment"":""init"",""secondPayment"":""init"",""thirdPayment"":""init"",""fourthPayment"":""init"",""paymentRemarks"":""init"",""bookingSource"":""init"",""cPANorGSTnum"":""init"",""incoDate"":""init"",""extraNotes"":""init"",""bookingTime"":""init"",""__v"":""init""},""states"":{""require"":{},""default"":{},""init"":{""_id"":true,""bdeName"":true,""bdeEmail"":true,""bdmName"":true,""bdmEmail"":true,""bdmType"":true,""supportedBy"":true,""bookingDate"":true,""caCase"":true,""caNumber"":true,""caEmail"":true,""caCommission"":true,""companyName"":true,""contactNumber"":true,""companyEmail"":true,""services"":true,""originalTotalPayment"":true,""totalPayment"":true,""paymentTerms"":true,""paymentMethod"":true,""firstPayment"":true,""secondPayment"":true,""thirdPayment"":true,""fourthPayment"":true,""paymentRemarks"":true,""bookingSource"":true,""cPANorGSTnum"":true,""incoDate"":true,""extraNotes"":true,""otherDocs"":true,""bookingTime"":true,""read"":true,""__v"":true}}},""skipId"":true}",false,"{""_id"":""65d32e38ea9a723fe1583793"",""bdeName"":""Peg Legge"",""bdeEmail"":""peg@gmail.com"",""bdmName"":""U.R. Nice"",""bdmEmail"":""ur@gmail.com"",""bdmType"":""closeby"",""supportedBy"":true,""bookingDate"":""2023-01-30T00:00:00.000Z"",""caCase"":""yes"",""caNumber"":9852364441,""caEmail"":""company@gmail.com"",""caCommission"":""2000"",""companyName"":""Dach Group"",""contactNumber"":9941403289,""companyEmail"":""abc@gmail.com"",""services"":[""IEC CODE Certificate,MSME/UYDAM Certificate,APEDA Certificate""],""originalTotalPayment"":118000,""totalPayment"":100000,""paymentTerms"":""two-part"",""paymentMethod"":""Razorpay"",""firstPayment"":25000,""secondPayment"":25000,""thirdPayment"":25000,""fourthPayment"":43000,""paymentRemarks"":""done"",""bookingSource"":""Reference"",""cPANorGSTnum"":""2135165416541"",""incoDate"":""2023-08-01T00:00:00.000Z"",""extraNotes"":""payment done"",""otherDocs"":[],""bookingTime"":""20:20:26"",""read"":true,""__v"":0}"
"{""activePaths"":{""paths"":{""bdmEmail"":""init"",""bdmName"":""init"",""bdeEmail"":""init"",""bdeName"":""init"",""services"":""init"",""otherDocs"":""init"",""read"":""init"",""_id"":""init"",""bdmType"":""init"",""supportedBy"":""init"",""bookingDate"":""init"",""caCase"":""init"",""caNumber"":""init"",""caEmail"":""init"",""caCommission"":""init"",""companyName"":""init"",""contactNumber"":""init"",""companyEmail"":""init"",""originalTotalPayment"":""init"",""totalPayment"":""init"",""paymentTerms"":""init"",""paymentMethod"":""init"",""firstPayment"":""init"",""secondPayment"":""init"",""thirdPayment"":""init"",""fourthPayment"":""init"",""paymentRemarks"":""init"",""bookingSource"":""init"",""cPANorGSTnum"":""init"",""incoDate"":""init"",""extraNotes"":""init"",""bookingTime"":""init"",""__v"":""init""},""states"":{""require"":{},""default"":{},""init"":{""_id"":true,""bdeName"":true,""bdeEmail"":true,""bdmName"":true,""bdmEmail"":true,""bdmType"":true,""supportedBy"":true,""bookingDate"":true,""caCase"":true,""caNumber"":true,""caEmail"":true,""caCommission"":true,""companyName"":true,""contactNumber"":true,""companyEmail"":true,""services"":true,""originalTotalPayment"":true,""totalPayment"":true,""paymentTerms"":true,""paymentMethod"":true,""firstPayment"":true,""secondPayment"":true,""thirdPayment"":true,""fourthPayment"":true,""paymentRemarks"":true,""bookingSource"":true,""cPANorGSTnum"":true,""incoDate"":true,""extraNotes"":true,""otherDocs"":true,""bookingTime"":true,""read"":true,""__v"":true}}},""skipId"":true}",false,"{""_id"":""65d32e38ea9a723fe1583795"",""bdeName"":""Allie Grater"",""bdeEmail"":""allie@gmail.com"",""bdmName"":""Anita Bath"",""bdmEmail"":""anita@gmail.com"",""bdmType"":""closeby"",""supportedBy"":true,""bookingDate"":""2023-02-12T00:00:00.000Z"",""caCase"":""yes"",""caNumber"":9852374441,""caEmail"":""company@gmail.com"",""caCommission"":""2000"",""companyName"":""Enopia Solutions"",""contactNumber"":9941403289,""companyEmail"":""abc@gmail.com"",""services"":[""IEC CODE Certificate,MSME/UYDAM Certificate,APEDA Certificate""],""originalTotalPayment"":118000,""totalPayment"":100000,""paymentTerms"":""two-part"",""paymentMethod"":""Razorpay"",""firstPayment"":25000,""secondPayment"":25000,""thirdPayment"":25000,""fourthPayment"":43000,""paymentRemarks"":""done"",""bookingSource"":""Reference"",""cPANorGSTnum"":""2135165416541"",""incoDate"":""2023-08-01T00:00:00.000Z"",""extraNotes"":""payment done"",""otherDocs"":[],""bookingTime"":""21:20:26"",""read"":true,""__v"":0}"
"{""activePaths"":{""paths"":{""bdmEmail"":""init"",""bdmName"":""init"",""bdeEmail"":""init"",""bdeName"":""init"",""services"":""init"",""otherDocs"":""init"",""read"":""init"",""_id"":""init"",""bdmType"":""init"",""supportedBy"":""init"",""bookingDate"":""init"",""caCase"":""init"",""caNumber"":""init"",""caEmail"":""init"",""caCommission"":""init"",""companyName"":""init"",""contactNumber"":""init"",""companyEmail"":""init"",""originalTotalPayment"":""init"",""totalPayment"":""init"",""paymentTerms"":""init"",""paymentMethod"":""init"",""firstPayment"":""init"",""secondPayment"":""init"",""thirdPayment"":""init"",""fourthPayment"":""init"",""paymentRemarks"":""init"",""bookingSource"":""init"",""cPANorGSTnum"":""init"",""incoDate"":""init"",""extraNotes"":""init"",""bookingTime"":""init"",""__v"":""init""},""states"":{""require"":{},""default"":{},""init"":{""_id"":true,""bdeName"":true,""bdeEmail"":true,""bdmName"":true,""bdmEmail"":true,""bdmType"":true,""supportedBy"":true,""bookingDate"":true,""caCase"":true,""caNumber"":true,""caEmail"":true,""caCommission"":true,""companyName"":true,""contactNumber"":true,""companyEmail"":true,""services"":true,""originalTotalPayment"":true,""totalPayment"":true,""paymentTerms"":true,""paymentMethod"":true,""firstPayment"":true,""secondPayment"":true,""thirdPayment"":true,""fourthPayment"":true,""paymentRemarks"":true,""bookingSource"":true,""cPANorGSTnum"":true,""incoDate"":true,""extraNotes"":true,""otherDocs"":true,""bookingTime"":true,""read"":true,""__v"":true}}},""skipId"":true}",false,"{""_id"":""65d32e38ea9a723fe1583797"",""bdeName"":""Liz Erd"",""bdeEmail"":""liz@gmail.com"",""bdmName"":""Harriet Upp"",""bdmEmail"":""harriet@gmail.com"",""bdmType"":""closeby"",""supportedBy"":true,""bookingDate"":""2023-02-12T00:00:00.000Z"",""caCase"":""yes"",""caNumber"":9852364441,""caEmail"":""company@gmail.com"",""caCommission"":""2000"",""companyName"":""Hipster Graphics"",""contactNumber"":9941403289,""companyEmail"":""abc@gmail.com"",""services"":[""IEC CODE Certificate,MSME/UYDAM Certificate""],""originalTotalPayment"":40000,""totalPayment"":40000,""paymentTerms"":""two-part"",""paymentMethod"":""Razorpay"",""firstPayment"":40000,""secondPayment"":0,""thirdPayment"":0,""fourthPayment"":0,""paymentRemarks"":""done"",""bookingSource"":""Reference"",""cPANorGSTnum"":""2135165416541"",""incoDate"":""2023-08-01T00:00:00.000Z"",""extraNotes"":""payment done"",""otherDocs"":[],""bookingTime"":""22:20:26"",""read"":true,""__v"":0}"
"{""activePaths"":{""paths"":{""bdmEmail"":""init"",""bdmName"":""init"",""bdeEmail"":""init"",""bdeName"":""init"",""services"":""init"",""otherDocs"":""init"",""read"":""init"",""_id"":""init"",""bdmType"":""init"",""supportedBy"":""init"",""bookingDate"":""init"",""caCase"":""init"",""caNumber"":""init"",""caEmail"":""init"",""caCommission"":""init"",""companyName"":""init"",""contactNumber"":""init"",""companyEmail"":""init"",""originalTotalPayment"":""init"",""totalPayment"":""init"",""paymentTerms"":""init"",""paymentMethod"":""init"",""firstPayment"":""init"",""secondPayment"":""init"",""thirdPayment"":""init"",""fourthPayment"":""init"",""paymentRemarks"":""init"",""bookingSource"":""init"",""cPANorGSTnum"":""init"",""incoDate"":""init"",""extraNotes"":""init"",""bookingTime"":""init"",""__v"":""init""},""states"":{""require"":{},""default"":{},""init"":{""_id"":true,""bdeName"":true,""bdeEmail"":true,""bdmName"":true,""bdmEmail"":true,""bdmType"":true,""supportedBy"":true,""bookingDate"":true,""caCase"":true,""caNumber"":true,""caEmail"":true,""caCommission"":true,""companyName"":true,""contactNumber"":true,""companyEmail"":true,""services"":true,""originalTotalPayment"":true,""totalPayment"":true,""paymentTerms"":true,""paymentMethod"":true,""firstPayment"":true,""secondPayment"":true,""thirdPayment"":true,""fourthPayment"":true,""paymentRemarks"":true,""bookingSource"":true,""cPANorGSTnum"":true,""incoDate"":true,""extraNotes"":true,""otherDocs"":true,""bookingTime"":true,""read"":true,""__v"":true}}},""skipId"":true}",false,"{""_id"":""65d32e38ea9a723fe1583799"",""bdeName"":""A. Mused"",""bdeEmail"":""a@gmail.com"",""bdmName"":""I.M. Tired"",""bdmEmail"":""im@gmail.com"",""bdmType"":""closeby"",""supportedBy"":true,""bookingDate"":""2023-07-11T00:00:00.000Z"",""caCase"":""yes"",""caNumber"":9852364441,""caEmail"":""company@gmail.com"",""caCommission"":""2000"",""companyName"":""Graph Matic"",""contactNumber"":9941403289,""companyEmail"":""abc@gmail.com"",""services"":[""IEC CODE Certificate,APEDA Certificate""],""originalTotalPayment"":118000,""totalPayment"":100000,""paymentTerms"":""two-part"",""paymentMethod"":""Razorpay"",""firstPayment"":25000,""secondPayment"":25000,""thirdPayment"":25000,""fourthPayment"":43000,""paymentRemarks"":""done"",""bookingSource"":""Reference"",""cPANorGSTnum"":""2135165416541"",""incoDate"":""2023-08-01T00:00:00.000Z"",""extraNotes"":""payment done"",""otherDocs"":[],""bookingTime"":""23:20:26"",""read"":true,""__v"":0}"
"{""activePaths"":{""paths"":{""bdmEmail"":""init"",""bdmName"":""init"",""bdeEmail"":""init"",""bdeName"":""init"",""services"":""init"",""otherDocs"":""init"",""read"":""init"",""_id"":""init"",""bdmType"":""init"",""supportedBy"":""init"",""bookingDate"":""init"",""caCase"":""init"",""caNumber"":""init"",""caEmail"":""init"",""caCommission"":""init"",""companyName"":""init"",""contactNumber"":""init"",""companyEmail"":""init"",""originalTotalPayment"":""init"",""totalPayment"":""init"",""paymentTerms"":""init"",""paymentMethod"":""init"",""firstPayment"":""init"",""secondPayment"":""init"",""thirdPayment"":""init"",""fourthPayment"":""init"",""paymentRemarks"":""init"",""bookingSource"":""init"",""cPANorGSTnum"":""init"",""incoDate"":""init"",""extraNotes"":""init"",""bookingTime"":""init"",""__v"":""init""},""states"":{""require"":{},""default"":{},""init"":{""_id"":true,""bdeName"":true,""bdeEmail"":true,""bdmName"":true,""bdmEmail"":true,""bdmType"":true,""supportedBy"":true,""bookingDate"":true,""caCase"":true,""caNumber"":true,""caEmail"":true,""caCommission"":true,""companyName"":true,""contactNumber"":true,""companyEmail"":true,""services"":true,""originalTotalPayment"":true,""totalPayment"":true,""paymentTerms"":true,""paymentMethod"":true,""firstPayment"":true,""secondPayment"":true,""thirdPayment"":true,""fourthPayment"":true,""paymentRemarks"":true,""bookingSource"":true,""cPANorGSTnum"":true,""incoDate"":true,""extraNotes"":true,""otherDocs"":true,""bookingTime"":true,""read"":true,""__v"":true}}},""skipId"":true}",false,"{""_id"":""65d32e38ea9a723fe158379b"",""bdeName"":""Constance Noring"",""bdeEmail"":""con@gmail.com"",""bdmName"":""I. Missy Ewe"",""bdmEmail"":""missy@gmail.com"",""bdmType"":""closeby"",""supportedBy"":true,""bookingDate"":""2023-02-12T00:00:00.000Z"",""caCase"":""yes"",""caNumber"":9852364441,""caEmail"":""company@gmail.com"",""caCommission"":""2000"",""companyName"":""Wayne Enterprises"",""contactNumber"":9941403289,""companyEmail"":""abc@gmail.com"",""services"":[""IEC CODE Certificate,MSME/UYDAM Certificate,APEDA Certificate""],""originalTotalPayment"":118000,""totalPayment"":100000,""paymentTerms"":""two-part"",""paymentMethod"":""Razorpay"",""firstPayment"":25000,""secondPayment"":25000,""thirdPayment"":25000,""fourthPayment"":43000,""paymentRemarks"":""done"",""bookingSource"":""Reference"",""cPANorGSTnum"":""2135165416541"",""incoDate"":""2023-08-01T00:00:00.000Z"",""extraNotes"":""payment done"",""otherDocs"":[],""bookingTime"":""24:20:26"",""read"":true,""__v"":0}"
"{""activePaths"":{""paths"":{""bdmEmail"":""init"",""bdmName"":""init"",""bdeEmail"":""init"",""bdeName"":""init"",""services"":""init"",""otherDocs"":""init"",""read"":""init"",""_id"":""init"",""bdmType"":""init"",""supportedBy"":""init"",""bookingDate"":""init"",""caCase"":""init"",""caNumber"":""init"",""caEmail"":""init"",""caCommission"":""init"",""companyName"":""init"",""contactNumber"":""init"",""companyEmail"":""init"",""originalTotalPayment"":""init"",""totalPayment"":""init"",""paymentTerms"":""init"",""paymentMethod"":""init"",""firstPayment"":""init"",""secondPayment"":""init"",""thirdPayment"":""init"",""fourthPayment"":""init"",""paymentRemarks"":""init"",""bookingSource"":""init"",""cPANorGSTnum"":""init"",""incoDate"":""init"",""extraNotes"":""init"",""bookingTime"":""init"",""__v"":""init""},""states"":{""require"":{},""default"":{},""init"":{""_id"":true,""bdeName"":true,""bdeEmail"":true,""bdmName"":true,""bdmEmail"":true,""bdmType"":true,""supportedBy"":true,""bookingDate"":true,""caCase"":true,""caNumber"":true,""caEmail"":true,""caCommission"":true,""companyName"":true,""contactNumber"":true,""companyEmail"":true,""services"":true,""originalTotalPayment"":true,""totalPayment"":true,""paymentTerms"":true,""paymentMethod"":true,""firstPayment"":true,""secondPayment"":true,""thirdPayment"":true,""fourthPayment"":true,""paymentRemarks"":true,""bookingSource"":true,""cPANorGSTnum"":true,""incoDate"":true,""extraNotes"":true,""otherDocs"":true,""bookingTime"":true,""read"":true,""__v"":true}}},""skipId"":true}",false,"{""_id"":""65d32e38ea9a723fe158379d"",""bdeName"":""Lois Di Nominator"",""bdeEmail"":""lois@gmail.com"",""bdmName"":""Ivana B. Withew"",""bdmEmail"":""ivana@gmail.com"",""bdmType"":""closeby"",""supportedBy"":true,""bookingDate"":""2023-01-08T00:00:00.000Z"",""caCase"":""yes"",""caNumber"":9852464441,""caEmail"":""company@gmail.com"",""caCommission"":""2000"",""companyName"":""Homespun Co"",""contactNumber"":9941403289,""companyEmail"":""abc@gmail.com"",""services"":[""IEC CODE Certificate,MSME/UYDAM Certificate""],""originalTotalPayment"":80000,""totalPayment"":80000,""paymentTerms"":""two-part"",""paymentMethod"":""Razorpay"",""firstPayment"":40000,""secondPayment"":40000,""thirdPayment"":0,""fourthPayment"":0,""paymentRemarks"":""done"",""bookingSource"":""Reference"",""cPANorGSTnum"":""2135165416541"",""incoDate"":""2023-08-01T00:00:00.000Z"",""extraNotes"":""payment done"",""otherDocs"":[],""bookingTime"":""25:20:26"",""read"":true,""__v"":0}"
"{""activePaths"":{""paths"":{""bdmEmail"":""init"",""bdmName"":""init"",""bdeEmail"":""init"",""bdeName"":""init"",""services"":""init"",""otherDocs"":""init"",""read"":""init"",""_id"":""init"",""bdmType"":""init"",""supportedBy"":""init"",""bookingDate"":""init"",""caCase"":""init"",""caNumber"":""init"",""caEmail"":""init"",""caCommission"":""init"",""companyName"":""init"",""contactNumber"":""init"",""companyEmail"":""init"",""originalTotalPayment"":""init"",""totalPayment"":""init"",""paymentTerms"":""init"",""paymentMethod"":""init"",""firstPayment"":""init"",""secondPayment"":""init"",""thirdPayment"":""init"",""fourthPayment"":""init"",""paymentRemarks"":""init"",""bookingSource"":""init"",""cPANorGSTnum"":""init"",""incoDate"":""init"",""extraNotes"":""init"",""bookingTime"":""init"",""__v"":""init""},""states"":{""require"":{},""default"":{},""init"":{""_id"":true,""bdeName"":true,""bdeEmail"":true,""bdmName"":true,""bdmEmail"":true,""bdmType"":true,""supportedBy"":true,""bookingDate"":true,""caCase"":true,""caNumber"":true,""caEmail"":true,""caCommission"":true,""companyName"":true,""contactNumber"":true,""companyEmail"":true,""services"":true,""originalTotalPayment"":true,""totalPayment"":true,""paymentTerms"":true,""paymentMethod"":true,""firstPayment"":true,""secondPayment"":true,""thirdPayment"":true,""fourthPayment"":true,""paymentRemarks"":true,""bookingSource"":true,""cPANorGSTnum"":true,""incoDate"":true,""extraNotes"":true,""otherDocs"":true,""bookingTime"":true,""read"":true,""__v"":true}}},""skipId"":true}",false,"{""_id"":""65d32e38ea9a723fe158379f"",""bdeName"":""Minnie Van Ryder"",""bdeEmail"":""mini@gmail.com"",""bdmName"":""Anita Letterback"",""bdmEmail"":""ani@gmail.com"",""bdmType"":""supportby"",""supportedBy"":true,""bookingDate"":""2023-07-11T00:00:00.000Z"",""caCase"":""yes"",""caNumber"":9852364441,""caEmail"":""company@gmail.com"",""caCommission"":""2000"",""companyName"":""Amigos Graphix"",""contactNumber"":9941403289,""companyEmail"":""abc@gmail.com"",""services"":[""MSME/UYDAM Certificate,APEDA Certificate""],""originalTotalPayment"":118000,""totalPayment"":100000,""paymentTerms"":""two-part"",""paymentMethod"":""Razorpay"",""firstPayment"":25000,""secondPayment"":25000,""thirdPayment"":25000,""fourthPayment"":43000,""paymentRemarks"":""done"",""bookingSource"":""Reference"",""cPANorGSTnum"":""2135165416541"",""incoDate"":""2023-08-01T00:00:00.000Z"",""extraNotes"":""payment done"",""otherDocs"":[],""bookingTime"":""26:20:26"",""read"":true,""__v"":0}"
"{""activePaths"":{""paths"":{""bdmEmail"":""init"",""bdmName"":""init"",""bdeEmail"":""init"",""bdeName"":""init"",""services"":""init"",""otherDocs"":""init"",""read"":""init"",""_id"":""init"",""bdmType"":""init"",""supportedBy"":""init"",""bookingDate"":""init"",""caCase"":""init"",""caNumber"":""init"",""caEmail"":""init"",""caCommission"":""init"",""companyName"":""init"",""contactNumber"":""init"",""companyEmail"":""init"",""originalTotalPayment"":""init"",""totalPayment"":""init"",""paymentTerms"":""init"",""paymentMethod"":""init"",""firstPayment"":""init"",""secondPayment"":""init"",""thirdPayment"":""init"",""fourthPayment"":""init"",""paymentRemarks"":""init"",""paymentReceipt"":""init"",""bookingSource"":""init"",""cPANorGSTnum"":""init"",""incoDate"":""init"",""extraNotes"":""init"",""bookingTime"":""init"",""__v"":""init""},""states"":{""require"":{},""default"":{},""init"":{""_id"":true,""bdeName"":true,""bdeEmail"":true,""bdmName"":true,""bdmEmail"":true,""bdmType"":true,""supportedBy"":true,""bookingDate"":true,""caCase"":true,""caNumber"":true,""caEmail"":true,""caCommission"":true,""companyName"":true,""contactNumber"":true,""companyEmail"":true,""services"":true,""originalTotalPayment"":true,""totalPayment"":true,""paymentTerms"":true,""paymentMethod"":true,""firstPayment"":true,""secondPayment"":true,""thirdPayment"":true,""fourthPayment"":true,""paymentRemarks"":true,""paymentReceipt"":true,""bookingSource"":true,""cPANorGSTnum"":true,""incoDate"":true,""extraNotes"":true,""otherDocs"":true,""bookingTime"":true,""read"":true,""__v"":true}}},""skipId"":true}",false,"{""_id"":""65d43ecad9fe9ca5c6660108"",""bdeName"":""Image checker"",""bdeEmail"":""fedcfvvvvavav"",""bdmName"":""shivangi"",""bdmEmail"":""vcaedvafdvf bfd"",""bdmType"":""Close by"",""supportedBy"":false,""bookingDate"":""2024-02-08T00:00:00.000Z"",""caCase"":""No"",""caNumber"":0,""caEmail"":"""",""caCommission"":"""",""companyName"":""vfvfvdf fb fgvvbb"",""contactNumber"":686696969,""companyEmail"":""bhagyesh@startupsahay.com"",""services"":[""Start-Up India Certificate""],""originalTotalPayment"":78000,""totalPayment"":78000,""paymentTerms"":""Full Advanced"",""paymentMethod"":""SRK Seedfund(Non GST)/IDFC first Bank"",""firstPayment"":0,""secondPayment"":0,""thirdPayment"":0,""fourthPayment"":0,""paymentRemarks"":"""",""paymentReceipt"":""1708408522762-dummy iamge.jpg"",""bookingSource"":""Insta Lead"",""cPANorGSTnum"":""156489481"",""incoDate"":""2024-02-22T00:00:00.000Z"",""extraNotes"":""ok"",""otherDocs"":[""1708408522755-file-sample_150kB.pdf"",""1708408522760-sample-1.pdf"",""1708408522761-sample-2.pdf""],""bookingTime"":""11:25:22"",""read"":true,""__v"":0}"
"{""activePaths"":{""paths"":{""bdmEmail"":""init"",""bdmName"":""init"",""bdeEmail"":""init"",""bdeName"":""init"",""services"":""init"",""otherDocs"":""init"",""read"":""init"",""_id"":""init"",""bdmType"":""init"",""supportedBy"":""init"",""bookingDate"":""init"",""caCase"":""init"",""caNumber"":""init"",""caEmail"":""init"",""caCommission"":""init"",""companyName"":""init"",""contactNumber"":""init"",""companyEmail"":""init"",""originalTotalPayment"":""init"",""totalPayment"":""init"",""paymentTerms"":""init"",""paymentMethod"":""init"",""firstPayment"":""init"",""secondPayment"":""init"",""thirdPayment"":""init"",""fourthPayment"":""init"",""paymentRemarks"":""init"",""paymentReceipt"":""init"",""bookingSource"":""init"",""cPANorGSTnum"":""init"",""incoDate"":""init"",""extraNotes"":""init"",""bookingTime"":""init"",""__v"":""init""},""states"":{""require"":{},""default"":{},""init"":{""_id"":true,""bdeName"":true,""bdeEmail"":true,""bdmName"":true,""bdmEmail"":true,""bdmType"":true,""supportedBy"":true,""bookingDate"":true,""caCase"":true,""caNumber"":true,""caEmail"":true,""caCommission"":true,""companyName"":true,""contactNumber"":true,""companyEmail"":true,""services"":true,""originalTotalPayment"":true,""totalPayment"":true,""paymentTerms"":true,""paymentMethod"":true,""firstPayment"":true,""secondPayment"":true,""thirdPayment"":true,""fourthPayment"":true,""paymentRemarks"":true,""paymentReceipt"":true,""bookingSource"":true,""cPANorGSTnum"":true,""incoDate"":true,""extraNotes"":true,""otherDocs"":true,""bookingTime"":true,""read"":true,""__v"":true}}},""skipId"":true}",false,"{""_id"":""65d454c3c953a0eb5daf7d7e"",""bdeName"":""New png image"",""bdeEmail"":""bhagyesh@startupsahay.com"",""bdmName"":""processing_head"",""bdmEmail"":""bhagyesh@startupsahay.com"",""bdmType"":""Close by"",""supportedBy"":false,""bookingDate"":""2024-02-07T00:00:00.000Z"",""caCase"":""No"",""caNumber"":0,""caEmail"":"""",""caCommission"":"""",""companyName"":""Png Image"",""contactNumber"":42727883838,""companyEmail"":""5785785785785"",""services"":[""ISO Certificate""],""originalTotalPayment"":50000,""totalPayment"":50000,""paymentTerms"":""Full Advanced"",""paymentMethod"":""SRK Seedfund(Non GST)/IDFC first Bank"",""firstPayment"":0,""secondPayment"":0,""thirdPayment"":0,""fourthPayment"":0,""paymentRemarks"":"""",""paymentReceipt"":""1708414147405-pigeon-png-free-download-1.png"",""bookingSource"":""Reference"",""cPANorGSTnum"":""75786786876"",""incoDate"":""2024-02-07T00:00:00.000Z"",""extraNotes"":""ok"",""otherDocs"":[""1708414147398-sample-2.pdf"",""1708414147398-sample-1.pdf"",""1708414147399-Get_Started_With_Smallpdf.pdf""],""bookingTime"":""12:59:07"",""read"":true,""__v"":0}"
"{""activePaths"":{""paths"":{""bdmEmail"":""init"",""bdmName"":""init"",""bdeEmail"":""init"",""bdeName"":""init"",""services"":""init"",""otherDocs"":""init"",""read"":""init"",""_id"":""init"",""bdmType"":""init"",""supportedBy"":""init"",""bookingDate"":""init"",""caCase"":""init"",""caNumber"":""init"",""caEmail"":""init"",""caCommission"":""init"",""companyName"":""init"",""contactNumber"":""init"",""companyEmail"":""init"",""originalTotalPayment"":""init"",""totalPayment"":""init"",""paymentTerms"":""init"",""paymentMethod"":""init"",""firstPayment"":""init"",""secondPayment"":""init"",""thirdPayment"":""init"",""fourthPayment"":""init"",""paymentRemarks"":""init"",""paymentReceipt"":""init"",""bookingSource"":""init"",""cPANorGSTnum"":""init"",""incoDate"":""init"",""extraNotes"":""init"",""bookingTime"":""init"",""__v"":""init""},""states"":{""require"":{},""default"":{},""init"":{""_id"":true,""bdeName"":true,""bdeEmail"":true,""bdmName"":true,""bdmEmail"":true,""bdmType"":true,""supportedBy"":true,""bookingDate"":true,""caCase"":true,""caNumber"":true,""caEmail"":true,""caCommission"":true,""companyName"":true,""contactNumber"":true,""companyEmail"":true,""services"":true,""originalTotalPayment"":true,""totalPayment"":true,""paymentTerms"":true,""paymentMethod"":true,""firstPayment"":true,""secondPayment"":true,""thirdPayment"":true,""fourthPayment"":true,""paymentRemarks"":true,""paymentReceipt"":true,""bookingSource"":true,""cPANorGSTnum"":true,""incoDate"":true,""extraNotes"":true,""otherDocs"":true,""bookingTime"":true,""read"":true,""__v"":true}}},""skipId"":true}",false,"{""_id"":""65d47bbcefe2ff562bdbe09c"",""bdeName"":""shivangi"",""bdeEmail"":""bhagyesh@startupsahay.com"",""bdmName"":""kuch bhi"",""bdmEmail"":""bhagyesh@startupsahay.com"",""bdmType"":""Close by"",""supportedBy"":false,""bookingDate"":""2024-02-07T00:00:00.000Z"",""caCase"":""No"",""caNumber"":0,""caEmail"":"""",""caCommission"":"""",""companyName"":""bde checker"",""contactNumber"":255588,""companyEmail"":""vfvfvfvsvsfgv"",""services"":[""ISO Certificate""],""originalTotalPayment"":80000,""totalPayment"":80000,""paymentTerms"":""Full Advanced"",""paymentMethod"":""ICICI Bank"",""firstPayment"":0,""secondPayment"":0,""thirdPayment"":0,""fourthPayment"":0,""paymentRemarks"":"""",""paymentReceipt"":""1708424124394-dummy iamge.jpg"",""bookingSource"":""Excel Data"",""cPANorGSTnum"":""25252525"",""incoDate"":""2024-02-15T00:00:00.000Z"",""extraNotes"":""dghnhnhnh"",""otherDocs"":[""1708424124393-Get_Started_With_Smallpdf.pdf""],""bookingTime"":""15:45:24"",""read"":true,""__v"":0}"
"{""activePaths"":{""paths"":{""bdmEmail"":""init"",""bdmName"":""init"",""bdeEmail"":""init"",""bdeName"":""init"",""services"":""init"",""otherDocs"":""init"",""read"":""init"",""_id"":""init"",""bdmType"":""init"",""supportedBy"":""init"",""bookingDate"":""init"",""caCase"":""init"",""caNumber"":""init"",""caEmail"":""init"",""caCommission"":""init"",""companyName"":""init"",""contactNumber"":""init"",""companyEmail"":""init"",""originalTotalPayment"":""init"",""totalPayment"":""init"",""paymentTerms"":""init"",""paymentMethod"":""init"",""firstPayment"":""init"",""secondPayment"":""init"",""thirdPayment"":""init"",""fourthPayment"":""init"",""paymentRemarks"":""init"",""bookingSource"":""init"",""cPANorGSTnum"":""init"",""incoDate"":""init"",""extraNotes"":""init"",""bookingTime"":""init"",""__v"":""init""},""states"":{""require"":{},""default"":{},""init"":{""_id"":true,""bdeName"":true,""bdeEmail"":true,""bdmName"":true,""bdmEmail"":true,""bdmType"":true,""supportedBy"":true,""bookingDate"":true,""caCase"":true,""caNumber"":true,""caEmail"":true,""caCommission"":true,""companyName"":true,""contactNumber"":true,""companyEmail"":true,""services"":true,""originalTotalPayment"":true,""totalPayment"":true,""paymentTerms"":true,""paymentMethod"":true,""firstPayment"":true,""secondPayment"":true,""thirdPayment"":true,""fourthPayment"":true,""paymentRemarks"":true,""bookingSource"":true,""cPANorGSTnum"":true,""incoDate"":true,""extraNotes"":true,""otherDocs"":true,""bookingTime"":true,""read"":true,""__v"":true}}},""skipId"":true}",false,"{""_id"":""65d59097ed9dd6439991f01f"",""bdeName"":""Riya"",""bdeEmail"":""riya@gmail.com"",""bdmName"":""Remu"",""bdmEmail"":""remu@gmail.com"",""bdmType"":""closeby"",""supportedBy"":true,""bookingDate"":""2023-02-12T00:00:00.000Z"",""caCase"":""yes"",""caNumber"":9852364441,""caEmail"":""company@gmail.com"",""caCommission"":""2000"",""companyName"":""INFONETIQ SOFTWARE & DATA SERVICES PRIVATE LIMITED"",""contactNumber"":9941403289,""companyEmail"":""abc@gmail.com"",""services"":[""IEC CODE Certificate,MSME/UYDAM Certificate,APEDA Certificate""],""originalTotalPayment"":118000,""totalPayment"":100000,""paymentTerms"":""two-part"",""paymentMethod"":""Razorpay"",""firstPayment"":25000,""secondPayment"":25000,""thirdPayment"":25000,""fourthPayment"":43000,""paymentRemarks"":""done"",""bookingSource"":""Reference"",""cPANorGSTnum"":""2135165416541"",""incoDate"":""2023-08-01T00:00:00.000Z"",""extraNotes"":""payment done"",""otherDocs"":[],""bookingTime"":""08:20:26"",""read"":true,""__v"":0}"